<?xml version="1.0" encoding="UTF-8" standalone="yes"?>
<addon id="plugin.video.gmatv" name="GMA.tv" version="1.0.2" provider-name="cmik">
    <requires>
        <import addon="xbmc.python" version="3.0.0"/>
        <import addon="script.module.six"/>
        <import addon="script.module.beautifulsoup4" version="4.9.3"/>
        <import addon="script.common.plugin.cache" version="2.6.1"/>
        <import addon="script.module.inputstreamhelper" version="0.4.2" />
		<import addon="script.module.requests" version="2.22.0"/>
        <import addon="script.module.unidecode" version="1.1.1"/>
        <import addon="plugin.video.youtube" version="6.8.18+matrix.1" />
    </requires>
    <extension point="xbmc.python.pluginsource" library="default.py">
        <provides>video</provides>
    </extension>
    <extension point="xbmc.service" library="service.py" start="startup"/>
    <extension point="xbmc.addon.metadata">
        <summary lang="en">GMA Pinoy TV</summary>
        <description lang="en">Enjoy full episodes of GMA Network shows for free! This is not an official GMA addon.</description>
        <disclaimer lang="en">No warranty here</disclaimer>
        <language>en</language>
        <platform>all</platform>
        <licence>GNU</licence>
        <forum></forum>
        <source>https://github.com/cmik/cmik.xbmc</source>
        <news>v1.0.2 (27/10/2024)
          [fix] Fixed search
          [change] Retrieve episodes from database if episodes list from site is not available
        </news>
        <assets>
            <icon>resources/icon.png</icon>
            <fanart>resources/fanart.jpg</fanart>
            <banner></banner>
            <clearlogo></clearlogo>
            <screenshot></screenshot>
        </assets>
    </extension>
</addon>
