<?xml version="1.0" encoding="UTF-8" standalone="yes"?>
<addon id="plugin.video.gmatv" name="GMA.tv" version="0.2.0" provider-name="cmik">
    <requires>
        <import addon="xbmc.python" version="2.25.0"/>
        <import addon="script.module.parsedom" version="0.9.1"/>
        <import addon="script.common.plugin.cache" version="2.5.5"/>
        <import addon="script.module.inputstreamhelper" version="0.4.2" />
        <import addon="plugin.video.youtube" version="6.3.0" />
    </requires>
    <extension point="xbmc.python.pluginsource" library="default.py">
        <provides>video</provides>
    </extension>
    <extension point="xbmc.service" library="service.py" start="startup"/>
    <extension point="xbmc.addon.metadata">
        <summary lang="en">GMA Pinoy TV</summary>
        <description lang="en">Enjoy full episodes of GMA Network shows for free! This is not an official GMA addon.</description>
        <disclaimer lang="en">No warranty here</disclaimer>
        <language>en</language>
        <platform>all</platform>
        <licence>GNU</licence>
        <forum></forum>
        <source>https://github.com/cmik/cmik.xbmc</source>
        <news>v0.1.0 (XX/0X/2020)
          [fix] Some fixes and optimizations
          [new] Repo has been removed from addon.xml to avoid multiple repo for the same add-ons. To keep your add-on up to date, install Cmik Repo from https://repo.cmik.me/repository/
        </news>
        <assets>
            <icon>resources/icon.png</icon>
            <fanart>resources/fanart.jpg</fanart>
            <banner></banner>
            <clearlogo></clearlogo>
            <screenshot></screenshot>
        </assets>
    </extension>
</addon>
