<?xml version="1.0" encoding="UTF-8" standalone="yes"?>
<addon id="plugin.video.tfctv" name="TFC.tv" version="1.0.0" provider-name="cmik">
    <requires>
        <import addon="xbmc.python" version="2.1.0"/>
        <import addon="script.module.parsedom" version="0.9.1"/>
        <import addon="script.common.plugin.cache" version="2.5.5"/>
    </requires>
    <extension point="xbmc.python.pluginsource" library="default.py">
        <provides>video</provides>
    </extension>
    <extension point="xbmc.addon.repository" name="Cmik Repo">
        <info compressed="false">http://github.com/cmik/cmik.xbmc/raw/master/addons.xml</info>
        <checksum>http://github.com/cmik/cmik.xbmc/raw/master/addons.xml.md5</checksum>
        <datadir zip="true">http://github.com/cmik/cmik.xbmc/raw/master/downloads</datadir>
    </extension>
    <extension point="xbmc.service" library="service.py" start="startup"/>
    <extension point="xbmc.addon.metadata">
        <summary lang="en">TFC Pinoy TV</summary>
        <description lang="en">Enjoy TFC's Pinoy TV shows, movies, news and live channels! This is not an official TFC.tv addon. A subscription to TFC.tv website (http://tfc.tv) is required to enjoy TFC's catalog.</description>
        <disclaimer lang="en">No warranty here</disclaimer>
        <language>en</language>
        <platform>all</platform>
        <licence>GNU</licence>
        <forum>https://forum.kodi.tv/showthread.php?tid=317008</forum>
        <source>https://github.com/cmik/cmik.xbmc</source>
        <news>v1.0.0 (XX/02/2019)
          [new] New reworked vesion
          [new] Added a little wizard installation at first startup
          [new] Added databases favourite/show/episode library for cache and better exeperience
          [new] Added proxy streaming check and alert
          [new] Allow to export shows to library (needed to added 'library' directory (created in addon profile directory) as video source)
          [new] Added a service to check exported library updates
          [new] Can now add show/episode to my List 
          [new] Can now remove show/episode from my List 
          [new] Alerts when a media can't be played as some AES encrypted videos
          [fix] Fixed home sections content
        </news>
        <assets>
            <icon>resources/icon.jpg</icon>
            <fanart>resources/fanart.jpg</fanart>
            <banner></banner>
            <clearlogo></clearlogo>
            <screenshot></screenshot>
        </assets>
    </extension>
</addon>
