<?xml version="1.0" encoding="UTF-8" standalone="yes"?>
<addon id="plugin.video.tfctv" name="iWantTFC" version="2.0.3+matrix" provider-name="cmik">
    <requires>
        <import addon="xbmc.python" version="3.0.0"/>
        <import addon="script.module.six"/>
        <import addon="script.module.beautifulsoup4" version="4.9.3"/>
        <import addon="script.common.plugin.cache" version="2.6.1"/>
        <import addon="script.module.inputstreamhelper" version="0.2.2"/>
        <import addon="script.module.requests" version="2.22.0"/>
        <import addon="script.module.unidecode" version="1.1.1"/>
    </requires>
    <extension point="xbmc.python.pluginsource" library="default.py">
        <provides>video</provides>
    </extension>
    <extension point="xbmc.service" library="service.py" start="startup"/>
    <extension point="xbmc.addon.metadata">
        <summary lang="en">TFC Pinoy TV</summary>
        <description lang="en">Enjoy TFC's Pinoy TV shows, movies, news and live channels! This is not an official TFC.tv addon. A subscription to TFC.tv website (http://tfc.tv) is required to enjoy TFC's catalog.</description>
        <disclaimer lang="en">No warranty here</disclaimer>
        <language>en</language>
        <platform>all</platform>
        <licence>GNU</licence>
        <website>https://addons.cmik.me/tfc-tv/</website>
        <forum>https://forum.kodi.tv/showthread.php?tid=317008</forum>
        <source>https://github.com/cmik/cmik.xbmc</source>
        <news>v2.0.3 (04/03/2024)
          [fix] fixed issue when retrieving catalog URL
        </news>
        <assets>
            <icon>resources/icon.jpg</icon>
            <fanart>resources/fanart.jpg</fanart>
            <banner></banner>
            <clearlogo></clearlogo>
            <screenshot></screenshot>
        </assets>
    </extension>
</addon>
